Threads,Time,Speedup
1,29.64182,0.6028644664868756
2,34.197675,0.5225501441252951
4,53.429931,0.3344567298804859
8,67.364236,0.26527429183639817
16,66.880745,0.26719199973026614
