Threads Per Block,Password,Execution Time (s)
128,abc,0.083672
128,code,0.083636
128,9999,0.082922
128,zzzz,0.083022
256,abc,0.082909
256,code,0.085649
256,9999,0.086431
256,zzzz,0.083991
512,abc,0.083821
512,code,0.083814
512,9999,0.083685
512,zzzz,0.084406
1024,abc,0.083851
1024,code,0.084437
1024,9999,0.083869
1024,zzzz,0.0841
