Processes,Time,Speedup
1,30.52805,0.9778253114758394
2,15.181289,1.9663086579802282
4,9.262901,3.222651305460352
8,6.56348,4.548059870678359
16,6.119783,4.877803673757713
