Threads,Time,Speedup
1,29.978345,0.9957554361323148
2,33.808143,0.882955919820855
4,50.871383,0.586795527064794
8,64.505906,0.4627653784135673
16,68.284799,0.4371558595347113
