Run,Time
1,29.990406
2,29.709555
3,29.85339
