Processes,Time,Speedup
1,18.267572,0.9782361881480472
2,9.304182,1.920641707137715
4,5.449147,3.2794123557320076
8,3.973647,4.497128204895906
16,3.773568,4.7355712153590455
